Department,Browse Nodes
Amazon Devices & Accessories (16333372011),Amazon Device Accessories (370783011)
Amazon Devices & Accessories (16333372011),Amazon Device Accessories (370783011),All Kindle Protection Plans (1292074011)
Amazon Devices & Accessories (16333372011),Amazon Device Accessories (370783011),All Kindle Reading Lights (1289281011)
Amazon Renewed (12653393011),Renewed Automotive (24430048011)
Amazon Renewed (12653393011),Renewed Camera & Photo (17871145011)
Amazon Renewed (12653393011),Renewed Computers & Accessories (17871138011)
Appliances (2619526011),Cooktops (3741261)
Appliances (2619526011),Dishwashers (3741271)
Appliances (2619526011),Dishwashers (3741271),Built-In Dishwashers (3741281)
Apps & Games (2350150011),Books & Comics (9408444011)
Apps & Games (2350150011),Books & Comics (9408444011),Book Info & Reviews (9408446011)
Apps & Games (2350150011),Books & Comics (9408444011),Book Readers & Players (9408445011)
"Arts, Crafts & Sewing (2617942011)","Arts, Crafts & Sewing Storage (2237594011)"
"Arts, Crafts & Sewing (2617942011)","Arts, Crafts & Sewing Storage (2237594011)",Art & Poster Transport Tubes (12896391)
"Arts, Crafts & Sewing (2617942011)","Arts, Crafts & Sewing Storage (2237594011)",Art Portfolios (12896421)
Audible Books & Originals (18145289011),Arts & Entertainment (18571910011)
Audible Books & Originals (18145289011),Arts & Entertainment (18571910011),Architecture (18571912011)
Audible Books & Originals (18145289011),Arts & Entertainment (18571910011),Art (18571913011)
Automotive (15690151),Automotive Exterior Accessories (15857511)
Automotive (15690151),Automotive Exterior Accessories (15857511),Antenna Toppers (15735131)
Automotive (15690151),Automotive Exterior Accessories (15857511),Automotive Body Armor (4939604011)
Baby (165797011),Baby & Toddler Feeding Supplies (166777011)
Baby (165797011),Baby & Toddler Feeding Supplies (166777011),Baby Bibs & Burp Cloths (7874755011)
Baby (165797011),Baby & Toddler Feeding Supplies (166777011),Baby Bibs & Burp Cloths (7874755011),Baby Bibs (7874766011)
Beauty & Personal Care (11055981),Beauty Gift Sets (120225719011)
Beauty & Personal Care (11055981),Beauty Tools & Accessories (11062741)
Beauty & Personal Care (11055981),Beauty Tools & Accessories (11062741),Cotton Balls & Swabs (3784921)
Books (1000),Arts & Photography (1)
Books (1000),Arts & Photography (1),Architecture (173508)
Books (1000),Arts & Photography (1),Architecture (173508),Architectural Buildings (266162)
CDs & Vinyl (301668),Alternative Rock (30)
CDs & Vinyl (301668),Alternative Rock (30),American Alternative Rock (602072)
CDs & Vinyl (301668),Alternative Rock (30),British Alternative Rock (602074)
Camera & Photo Products (502394),"Binoculars, Telescopes & Optics (499320)"
Camera & Photo Products (502394),"Binoculars, Telescopes & Optics (499320)",Binoculars (297842)
Camera & Photo Products (502394),"Binoculars, Telescopes & Optics (499320)",Microscopes (499170)
Cell Phones & Accessories (2335753011),Cell Phone Accessories (2407755011)
Cell Phones & Accessories (2335753011),Cell Phone Accessories (2407755011),Cell Phone Adhesive Card Holders (21209106011)
Cell Phones & Accessories (2335753011),Cell Phone Accessories (2407755011),Cell Phone Automobile Accessories (2407759011)
"Clothing, Shoes & Jewelry (7141124011)",Baby Clothing & Shoes (7147444011)
"Clothing, Shoes & Jewelry (7141124011)",Baby Clothing & Shoes (7147444011),Baby Boys' Clothing & Shoes (7628013011)
"Clothing, Shoes & Jewelry (7141124011)",Baby Clothing & Shoes (7147444011),Baby Boys' Clothing & Shoes (7628013011),Baby Boy's Clothing (1044510)
Collectible Coins (9003130011),Collectible Coin Sets (9003136011)
Collectible Coins (9003130011),Individual Collectible Coins (9003133011)
Computers & Accessories (541966),Computer Accessories & Peripherals (172456)
Computers & Accessories (541966),Computer Accessories & Peripherals (172456),Blank Media Products (24046925011)
Computers & Accessories (541966),Computer Accessories & Peripherals (172456),Blank Media Products (24046925011),Blank BD-R Discs (668575011)
Digital Music (624868011),Albums (digital-music-album)
Digital Music (624868011),Albums (digital-music-album),Alternative Rock (195212011)
Digital Music (624868011),Albums (digital-music-album),Alternative Rock (195212011),American Alternative (195213011)
Electronics (493964),Car Electronics (1077068)
Electronics (493964),Car Electronics (1077068),Car Audio (226184)
Electronics (493964),Car Electronics (1077068),Car Audio (226184),Car Amplifier Equalizers (10980741)
Entertainment Collectibles (5088769011),Collectible Comic Books (11873140011)
Entertainment Collectibles (5088769011),Entertainment Animation Collectibles (7463352011)
Entertainment Collectibles (5088769011),Entertainment Animation Collectibles (7463352011),Entertainment Collectible Animation Backgrounds (7501403011)
Gift Cards (2864120011),Baby & Expecting (120225710011)
Gift Cards (2864120011),Birthday (120225714011)
Gift Cards (2864120011),Christmas (120225703011)
Grocery & Gourmet Food (16310211),Alcoholic Beverages (2983371011)
Grocery & Gourmet Food (16310211),Alcoholic Beverages (2983371011),Beer (2983385011)
Grocery & Gourmet Food (16310211),Alcoholic Beverages (2983371011),Beer (2983385011),Alcoholic Malt Beverages (17691543011)
Handmade Products (11260433011),Handmade Baby (121190737011)
Handmade Products (11260433011),Handmade Beauty & Personal Care (121190632011)
Handmade Products (11260433011),Handmade Clothing & Accessories (121190502011)
Health & Household (51572011),Baby & Child Care Products (10787321)
Health & Household (51572011),Baby & Child Care Products (10787321),Baby & Child Health Care Products (16025501)
Health & Household (51572011),Baby & Child Care Products (10787321),Baby & Child Health Care Products (16025501),Baby & Child Adhesive Bandages (16025601)
Home & Kitchen (1063498),Bath Products (1063236)
Home & Kitchen (1063498),Bath Products (1063236),Bath Linen Sets (3731671)
Home & Kitchen (1063498),Bath Products (1063236),Bath Rugs (1063242)
Industrial & Scientific (16310161),Abrasive & Finishing Products (256167011)
Industrial & Scientific (16310161),Abrasive & Finishing Products (256167011),Abrasive Accessories (401506011)
Industrial & Scientific (16310161),Abrasive & Finishing Products (256167011),Abrasive Accessories (401506011),Abrasive Dressing Tools (256180011)
Kindle Store (133141011),Kindle Newsstand (3000678011)
Kindle Store (133141011),Kindle Nonfiction Singles (5688113011)
Kindle Store (133141011),Kindle Short Reads (8584457011)
Kitchen & Dining (284507),Bakeware (289668)
Kitchen & Dining (284507),Bakeware (289668),Bakers & Casseroles (289671)
Kitchen & Dining (284507),Bakeware (289668),Bakers & Casseroles (289671),Bake & Serve Sets (289680)
Movies & TV (2625374011),Blu-ray (2958935011)
Movies & TV (2625374011),Blu-ray (2958935011),Action & Adventure Blu-ray Discs (2959126011)
Movies & TV (2625374011),Blu-ray (2958935011),Anime (2959127011)
Musical Instruments (11965861),Band & Orchestra Musical Instruments (405758011)
Musical Instruments (11965861),Band & Orchestra Musical Instruments (405758011),Brass Instruments (11971681)
Musical Instruments (11965861),Band & Orchestra Musical Instruments (405758011),Brass Instruments (11971681),Alto Horns (11971691)
Office Products (1084128),Office & School Supplies (1069242)
Office Products (1084128),Office & School Supplies (1069242),Book Covers & Book Accessories (17581329011)
Office Products (1084128),Office & School Supplies (1069242),Book Covers & Book Accessories (17581329011),Book & Bible Covers (17581330011)
"Patio, Lawn & Garden (3238155011)",Backyard Birding & Wildlife (553632)
"Patio, Lawn & Garden (3238155011)",Backyard Birding & Wildlife (553632),Backyard Birding Supplies (4532514011)
"Patio, Lawn & Garden (3238155011)",Backyard Birding & Wildlife (553632),Backyard Birding Supplies (4532514011),Birdbath Accessories (13402221)
Pet Supplies (2619534011),Cat Supplies (2975241011)
Pet Supplies (2619534011),Cat Supplies (2975241011),Cat Apparel (2975242011)
Pet Supplies (2619534011),Cat Supplies (2975241011),Cat Beds & Furniture (2975243011)
Software (409488),Accounting & Finance (5223260011)
Software (409488),Accounting & Finance (5223260011),Business Accounting (283001)
Software (409488),Accounting & Finance (5223260011),Check Printing (283002)
Sports & Outdoors (3375301),Exercise & Fitness Equipment (3407731)
Sports & Outdoors (3375301),Exercise & Fitness Equipment (3407731),Balance Trainers (3407851)
Sports & Outdoors (3375301),Exercise & Fitness Equipment (3407731),Balance Trainers (3407851),Balance Boards (3407861)
Sports Collectibles (3250697011),Collectible Sports Trading Cards (3311070011)
Sports Collectibles (3250697011),Collectible Sports Trading Cards (3311070011),Sports Collectible Single Trading Cards (9430228011)
Sports Collectibles (3250697011),Collectible Sports Trading Cards (3311070011),Sports Collectible Single Trading Cards (9430228011),Sports Collectible Single Base Trading Cards (9430229011)
Tools & Home Improvement (468240),Air Powered Tools (120225786011)
Tools & Home Improvement (468240),Air Powered Tools (120225786011),Air Powered Blow Guns (120225793011)
Tools & Home Improvement (468240),Air Powered Tools (120225786011),Air Powered Caulking Guns (120225794011)
Toys & Games (165795011),Arts & Crafts Supplies (166057011)
Toys & Games (165795011),Arts & Crafts Supplies (166057011),Craft Kits (166064011)
Toys & Games (165795011),Arts & Crafts Supplies (166057011),Craft Kits (166064011),Kids' Drawing Kits (19431268011)
Video Games (11846801),Legacy Systems (294940)
Video Games (11846801),Legacy Systems (294940),"3DO Games, Consoles & Accessories (10988231)"
Video Games (11846801),Legacy Systems (294940),"3DO Games, Consoles & Accessories (10988231)",3DO Accessories (10982421)
